{"stats":{"minecraft:used":{"minecraft:lava_bucket":3,"minecraft:stone_pickaxe":131,"minecraft:oak_planks":4,"minecraft:rotten_flesh":2,"minecraft:stone_hoe":3,"minecraft:dirt":55,"minecraft:cobblestone":13,"minecraft:bucket":3,"minecraft:pumpkin_seeds":1},"minecraft:picked_up":{"minecraft:stick":1,"minecraft:salmon":2,"minecraft:dandelion":9,"minecraft:oak_log":6,"minecraft:lily_pad":4,"minecraft:cornflower":1,"minecraft:dirt":55,"minecraft:rotten_flesh":2,"minecraft:wheat_seeds":1,"minecraft:poppy":1,"minecraft:oak_sapling":1,"minecraft:sugar_cane":16,"minecraft:oak_planks":1,"minecraft:cobblestone":77},"minecraft:dropped":{"minecraft:lava_bucket":1,"minecraft:ice":1,"minecraft:cobblestone":68,"minecraft:stone_pickaxe":1},"minecraft:custom":{"minecraft:time_since_rest":26579,"minecraft:sprint_one_cm":37641,"minecraft:damage_taken":2395,"minecraft:walk_one_cm":153336,"minecraft:drop":71,"minecraft:damage_dealt":40,"minecraft:interact_with_crafting_table":16,"minecraft:swim_one_cm":31401,"minecraft:fly_one_cm":8286,"minecraft:open_chest":54,"minecraft:crouch_one_cm":69812,"minecraft:play_time":140823,"minecraft:deaths":9,"minecraft:sneak_time":21324,"minecraft:walk_under_water_one_cm":50634,"minecraft:jump":528,"minecraft:leave_game":2,"minecraft:time_since_death":26494,"minecraft:walk_on_water_one_cm":129056,"minecraft:total_world_time":140823,"minecraft:fall_one_cm":6974},"minecraft:mined":{"minecraft:dandelion":10,"minecraft:cornflower":1,"minecraft:grass_block":30,"minecraft:poppy":1,"minecraft:dirt":30,"minecraft:cobblestone":131,"minecraft:lily_pad":4,"minecraft:oak_planks":1,"minecraft:oak_leaves":15},"minecraft:crafted":{"minecraft:oak_planks":20,"minecraft:stick":8,"minecraft:stone_pickaxe":3,"minecraft:stone_sword":1,"minecraft:stone_hoe":1},"minecraft:broken":{"minecraft:stone_pickaxe":1}},"DataVersion":3120}