{"stats":{"minecraft:used":{"minecraft:oak_planks":3,"minecraft:chest":2,"minecraft:salmon":2,"minecraft:dirt":2,"minecraft:sand":1,"minecraft:cobblestone":26,"minecraft:oak_sapling":6,"minecraft:obsidian":10},"minecraft:picked_up":{"minecraft:salmon":2,"minecraft:dandelion":9,"minecraft:sand":1,"minecraft:lily_pad":5,"minecraft:cornflower":1,"minecraft:dirt":4,"minecraft:apple":1,"minecraft:wheat_seeds":1,"minecraft:poppy":2,"minecraft:oak_sapling":6,"minecraft:chest":2,"minecraft:oak_planks":1,"minecraft:cobblestone":49},"minecraft:dropped":{"minecraft:cobblestone":1,"minecraft:lily_pad":1},"minecraft:custom":{"minecraft:time_since_rest":12083,"minecraft:sprint_one_cm":9328,"minecraft:damage_taken":1530,"minecraft:walk_one_cm":235305,"minecraft:drop":2,"minecraft:damage_dealt":9,"minecraft:interact_with_crafting_table":1,"minecraft:swim_one_cm":33826,"minecraft:fly_one_cm":3490,"minecraft:open_chest":26,"minecraft:crouch_one_cm":12488,"minecraft:play_time":97646,"minecraft:walk_under_water_one_cm":37974,"minecraft:deaths":6,"minecraft:sneak_time":4305,"minecraft:jump":379,"minecraft:leave_game":2,"minecraft:walk_on_water_one_cm":69309,"minecraft:time_since_death":11230,"minecraft:total_world_time":97646,"minecraft:climb_one_cm":287,"minecraft:fall_one_cm":6029},"minecraft:mined":{"minecraft:oak_sapling":5,"minecraft:grass_block":3,"minecraft:poppy":1,"minecraft:chest":2,"minecraft:vine":1,"minecraft:sand":1,"minecraft:dirt":1,"minecraft:tall_grass":1,"minecraft:oak_planks":3,"minecraft:oak_leaves":38},"minecraft:killed_by":{"minecraft:skeleton":1}},"DataVersion":3120}