{"stats":{"minecraft:used":{"minecraft:lava_bucket":2,"minecraft:stone_pickaxe":71,"minecraft:oak_planks":17,"minecraft:wooden_pickaxe":59,"minecraft:dirt":9,"minecraft:cobblestone":109,"minecraft:crafting_table":1,"minecraft:oak_sapling":4,"minecraft:bucket":1,"minecraft:ice":1},"minecraft:picked_up":{"minecraft:stick":4,"minecraft:salmon":2,"minecraft:ice":1,"minecraft:lava_bucket":1,"minecraft:oak_log":20,"minecraft:lily_pad":1,"minecraft:spider_eye":2,"minecraft:dirt":10,"minecraft:bone":3,"minecraft:arrow":2,"minecraft:rotten_flesh":1,"minecraft:wheat_seeds":1,"minecraft:stone_pickaxe":1,"minecraft:oak_sapling":4,"minecraft:sugar_cane":16,"minecraft:oak_planks":3,"minecraft:cobblestone":111},"minecraft:dropped":{"minecraft:dirt":1,"minecraft:sugar_cane":16,"minecraft:wheat_seeds":1,"minecraft:oak_log":12,"minecraft:cobblestone":3,"minecraft:spider_eye":1,"minecraft:arrow":1,"minecraft:salmon":2,"minecraft:bone":2},"minecraft:custom":{"minecraft:time_since_rest":1073,"minecraft:sprint_one_cm":56783,"minecraft:damage_taken":2320,"minecraft:walk_one_cm":110878,"minecraft:mob_kills":5,"minecraft:drop":24,"minecraft:damage_dealt":834,"minecraft:interact_with_crafting_table":3,"minecraft:swim_one_cm":33260,"minecraft:fly_one_cm":68542,"minecraft:open_chest":36,"minecraft:crouch_one_cm":30352,"minecraft:play_time":86030,"minecraft:deaths":9,"minecraft:sneak_time":13952,"minecraft:walk_under_water_one_cm":29298,"minecraft:jump":702,"minecraft:leave_game":1,"minecraft:time_since_death":1047,"minecraft:walk_on_water_one_cm":67067,"minecraft:total_world_time":86030,"minecraft:fall_one_cm":5237},"minecraft:mined":{"minecraft:oak_sapling":1,"minecraft:fire":9,"minecraft:ice":1,"minecraft:grass_block":5,"minecraft:oak_log":14,"minecraft:dirt":4,"minecraft:cobblestone":130,"minecraft:oak_planks":3,"minecraft:lily_pad":1,"minecraft:sugar_cane":8,"minecraft:oak_leaves":89},"minecraft:killed":{"minecraft:skeleton":1,"minecraft:zombie":1,"minecraft:salmon":2,"minecraft:spider":1},"minecraft:crafted":{"minecraft:oak_planks":28,"minecraft:crafting_table":1,"minecraft:stick":8,"minecraft:wooden_pickaxe":1,"minecraft:stone_pickaxe":1},"minecraft:broken":{"minecraft:wooden_pickaxe":1}},"DataVersion":3120}